,UserId,SubscriptionPlan,EventDate,EventType,EventId
0,29,Advanced Pack,2021-12-26,ROUTINE CHECK,291567548550082
1,39,Advanced Pack,2021-12-10,ROUTINE CHECK,967100482733409
2,3,Economy Pack,2021-07-31,ROUTINE CHECK,4805693066009
3,6,Economy Pack,2021-10-18,ROUTINE CHECK,136541113034465
4,22,Economy Pack,2021-11-25,ROUTINE CHECK,259899704725768
5,48,Economy Pack,2021-09-03,ROUTINE CHECK,862824791245141
6,11,Economy Pack,2021-12-04,SYSTEM ERROR,141266427378805
7,57,Economy Pack,2021-12-27,ROUTINE CHECK,872191756768876
8,54,Economy Pack,2021-11-28,ROUTINE CHECK,456754460484095
9,33,Advanced Pack,2021-03-12,SYSTEM ERROR,259096840242914
10,38,Economy Pack,2021-11-11,SYSTEM ERROR,195624632645094
11,58,Economy Pack,2021-09-03,ROUTINE CHECK,652848754804744
12,48,Advanced Pack,2021-06-30,SYSTEM ERROR,699135950066587
13,15,Economy Pack,2021-08-14,SYSTEM ERROR,683038640413668
14,39,Economy Pack,2021-11-01,SYSTEM ERROR,200828693534053
15,97,Advanced Pack,2021-10-17,ROUTINE CHECK,790368832522781
16,77,Economy Pack,2021-06-08,ROUTINE CHECK,679179097252479
17,34,Economy Pack,2021-11-09,SYSTEM ERROR,451421204750759
18,72,Advanced Pack,2021-12-27,SYSTEM ERROR,920517161449615
19,98,Advanced Pack,2021-11-30,ROUTINE CHECK,665684792995380
20,75,Economy Pack,2021-07-05,ROUTINE CHECK,992129215477812
21,52,Advanced Pack,2021-10-30,ROUTINE CHECK,755028787160790
22,58,Economy Pack,2021-11-19,SYSTEM ERROR,827540985957338
23,73,Economy Pack,2021-10-11,SYSTEM ERROR,787699001673039
24,84,Economy Pack,2021-06-26,ROUTINE CHECK,797615133180295
25,10,Advanced Pack,2021-08-28,ROUTINE CHECK,120574368061906
26,57,Economy Pack,2021-12-01,ROUTINE CHECK,882582508475467
27,49,Advanced Pack,2021-01-27,ROUTINE CHECK,842469931084839
28,51,Advanced Pack,2021-12-08,ROUTINE CHECK,575516311335056
29,53,Economy Pack,2021-03-29,SYSTEM ERROR,703372243044865
30,94,Advanced Pack,2021-11-22,ROUTINE CHECK,349245537924644
31,62,Economy Pack,2021-08-27,SYSTEM ERROR,180678577100411
32,93,Economy Pack,2021-10-28,SYSTEM ERROR,850478151189929
33,55,Advanced Pack,2021-08-13,SYSTEM ERROR,218969858003687
34,85,Advanced Pack,2021-08-13,ROUTINE CHECK,353974349115046
35,69,Advanced Pack,2021-12-18,ROUTINE CHECK,575243389314512
36,17,Economy Pack,2021-11-10,ROUTINE CHECK,870888132477478
37,32,Economy Pack,2021-12-29,ROUTINE CHECK,315927309041898
38,94,Economy Pack,2021-06-15,SYSTEM ERROR,711248664392632
39,73,Economy Pack,2021-10-03,SYSTEM ERROR,127858157784094
40,96,Advanced Pack,2021-10-27,ROUTINE CHECK,454842368599608
41,40,Economy Pack,2021-08-21,SYSTEM ERROR,505455257184491
42,12,Economy Pack,2021-08-09,SYSTEM ERROR,591246172423773
43,7,Advanced Pack,2021-10-07,SYSTEM ERROR,561426857034652
44,39,Economy Pack,2021-10-09,SYSTEM ERROR,128642376344703
45,47,Advanced Pack,2021-11-13,ROUTINE CHECK,139867638827507
46,45,Advanced Pack,2021-11-07,SYSTEM ERROR,606002183613799
47,18,Advanced Pack,2021-12-10,SYSTEM ERROR,630975036531032
48,3,Advanced Pack,2021-06-16,SYSTEM ERROR,639176127649660
49,44,Advanced Pack,2021-07-07,SYSTEM ERROR,502498295531317
50,83,Advanced Pack,2021-08-04,ROUTINE CHECK,672920005260609
51,93,Advanced Pack,2021-10-23,ROUTINE CHECK,632736214359314
52,76,Advanced Pack,2021-08-21,ROUTINE CHECK,839348953373598
53,49,Economy Pack,2021-10-02,SYSTEM ERROR,18335316988028
54,9,Advanced Pack,2021-12-04,SYSTEM ERROR,793325335114226
55,5,Economy Pack,2021-12-25,ROUTINE CHECK,727301027809821
56,56,Advanced Pack,2021-10-23,ROUTINE CHECK,426242291560005
57,21,Advanced Pack,2021-11-11,ROUTINE CHECK,303395632038960
58,45,Advanced Pack,2021-12-25,ROUTINE CHECK,471525954661189
59,83,Advanced Pack,2021-12-20,SYSTEM ERROR,793291837404258
60,4,Economy Pack,2021-10-09,ROUTINE CHECK,282780662403609
61,89,Economy Pack,2021-11-08,ROUTINE CHECK,462619486127980
62,9,Economy Pack,2021-12-21,ROUTINE CHECK,70040533362485
63,10,Economy Pack,2021-12-11,ROUTINE CHECK,814316551066281
64,48,Economy Pack,2021-09-21,SYSTEM ERROR,440389404342463
65,87,Economy Pack,2021-02-28,ROUTINE CHECK,188806177463343
66,9,Economy Pack,2021-09-13,ROUTINE CHECK,207416601521587
67,8,Advanced Pack,2021-07-14,SYSTEM ERROR,984866542064641
68,59,Economy Pack,2021-11-04,SYSTEM ERROR,698059196893958
69,22,Advanced Pack,2021-09-18,ROUTINE CHECK,743494938071331
70,63,Economy Pack,2021-05-01,SYSTEM ERROR,21562276341182
71,98,Economy Pack,2021-10-29,ROUTINE CHECK,947747677428612
72,94,Economy Pack,2021-09-08,ROUTINE CHECK,527945843622456
73,52,Advanced Pack,2021-07-01,ROUTINE CHECK,162848279346912
74,2,Economy Pack,2021-12-28,SYSTEM ERROR,818362170605548
75,51,Advanced Pack,2021-12-25,ROUTINE CHECK,440269128799559
76,84,Economy Pack,2021-11-17,SYSTEM ERROR,813619019186257
77,36,Advanced Pack,2021-11-20,ROUTINE CHECK,754633575781430
78,31,Advanced Pack,2021-07-06,SYSTEM ERROR,711675137841449
79,55,Economy Pack,2021-12-29,SYSTEM ERROR,510957805165452
80,45,Economy Pack,2021-12-26,ROUTINE CHECK,292682387227949
81,14,Advanced Pack,2021-02-18,SYSTEM ERROR,227072919090030
82,62,Economy Pack,2021-03-19,ROUTINE CHECK,501409116052520
83,6,Economy Pack,2021-12-25,SYSTEM ERROR,513445182569718
84,16,Economy Pack,2021-07-11,ROUTINE CHECK,48685360621572
85,95,Advanced Pack,2021-04-08,SYSTEM ERROR,648028491839150
86,4,Economy Pack,2021-10-16,SYSTEM ERROR,499783495566188
87,58,Advanced Pack,2021-10-29,ROUTINE CHECK,173190582068116
88,85,Economy Pack,2021-11-07,SYSTEM ERROR,383827717072232
89,7,Economy Pack,2021-09-25,SYSTEM ERROR,454723496390494
90,1,Advanced Pack,2021-10-23,SYSTEM ERROR,550804682860240
91,63,Advanced Pack,2021-10-26,ROUTINE CHECK,8764631354439
92,55,Advanced Pack,2021-12-06,SYSTEM ERROR,630385910612067
93,45,Advanced Pack,2021-12-08,ROUTINE CHECK,182548333804781
94,66,Advanced Pack,2021-09-18,ROUTINE CHECK,946991651004640
95,5,Advanced Pack,2021-10-24,SYSTEM ERROR,102602577948704
96,34,Advanced Pack,2021-10-01,SYSTEM ERROR,888928047029948
97,33,Advanced Pack,2021-11-26,ROUTINE CHECK,541951967681469
98,62,Advanced Pack,2021-05-16,ROUTINE CHECK,739274245680791
99,84,Economy Pack,2021-12-11,ROUTINE CHECK,204607768908813
100,29,Advanced Pack,2021-12-29,SYSTEM ERROR,641018253345148
101,54,Advanced Pack,2021-11-25,ROUTINE CHECK,435540757496581
102,14,Economy Pack,2021-09-28,ROUTINE CHECK,200728177107905
103,32,Economy Pack,2021-10-08,ROUTINE CHECK,190735649769283
104,31,Advanced Pack,2021-12-30,ROUTINE CHECK,387830851755746
105,90,Economy Pack,2021-08-12,SYSTEM ERROR,493734187322714
106,47,Advanced Pack,2021-12-28,ROUTINE CHECK,311792660525575
107,46,Advanced Pack,2021-10-31,ROUTINE CHECK,542162072159346
108,62,Advanced Pack,2021-10-19,SYSTEM ERROR,746525145785836
109,38,Advanced Pack,2021-11-06,ROUTINE CHECK,482956471091505
110,69,Advanced Pack,2021-11-26,ROUTINE CHECK,672471647892869
111,85,Advanced Pack,2021-10-12,ROUTINE CHECK,211477939474059
112,27,Economy Pack,2021-12-14,SYSTEM ERROR,967906849668451
113,41,Advanced Pack,2021-12-07,ROUTINE CHECK,59618545710188
114,78,Advanced Pack,2021-12-28,ROUTINE CHECK,489810352062600
115,28,Advanced Pack,2021-11-14,ROUTINE CHECK,8397064589405
116,55,Advanced Pack,2021-11-08,ROUTINE CHECK,95700821352266
117,21,Advanced Pack,2021-11-27,ROUTINE CHECK,8793457802815
118,39,Economy Pack,2021-06-29,SYSTEM ERROR,229390480458842
119,62,Advanced Pack,2021-06-06,SYSTEM ERROR,990612257282191
120,43,Advanced Pack,2021-02-19,SYSTEM ERROR,175464510790238
121,15,Advanced Pack,2021-08-14,ROUTINE CHECK,452192362162237
122,39,Advanced Pack,2021-06-10,SYSTEM ERROR,346394302972084
123,86,Advanced Pack,2021-09-13,SYSTEM ERROR,85924176051483
124,94,Advanced Pack,2021-05-01,SYSTEM ERROR,846153178968606
125,51,Economy Pack,2021-07-10,SYSTEM ERROR,31801575816147
126,64,Economy Pack,2021-10-19,ROUTINE CHECK,971517793063080
127,77,Advanced Pack,2021-12-28,SYSTEM ERROR,699400754765279
128,50,Advanced Pack,2021-11-29,ROUTINE CHECK,80910291089006
129,46,Advanced Pack,2021-12-06,SYSTEM ERROR,240258688633638
130,3,Economy Pack,2021-04-30,SYSTEM ERROR,652528052078321
131,1,Economy Pack,2021-03-07,SYSTEM ERROR,349778714575876
132,71,Advanced Pack,2021-12-25,ROUTINE CHECK,610684915787620
133,89,Advanced Pack,2021-12-29,ROUTINE CHECK,935864867194489
134,75,Advanced Pack,2021-11-03,ROUTINE CHECK,266205114302999
135,95,Economy Pack,2021-12-20,SYSTEM ERROR,299444520015207
136,70,Economy Pack,2021-07-28,SYSTEM ERROR,632505657399416
137,73,Advanced Pack,2021-07-10,ROUTINE CHECK,444438181529195
138,82,Economy Pack,2021-10-27,ROUTINE CHECK,220639411901093
139,19,Economy Pack,2021-09-23,SYSTEM ERROR,926813204194578
140,90,Economy Pack,2021-05-28,ROUTINE CHECK,401570596402227
141,50,Advanced Pack,2021-10-09,SYSTEM ERROR,126970786382311
142,32,Economy Pack,2021-11-21,SYSTEM ERROR,166502945086914
143,86,Advanced Pack,2021-07-25,ROUTINE CHECK,374692210045635
144,71,Economy Pack,2021-05-07,SYSTEM ERROR,709979352434270
145,0,Advanced Pack,2021-01-23,SYSTEM ERROR,740970977837859
146,79,Economy Pack,2021-10-17,SYSTEM ERROR,542513778699325
147,12,Advanced Pack,2021-11-24,SYSTEM ERROR,556368370783335
148,6,Advanced Pack,2021-11-06,ROUTINE CHECK,645787876407354
149,95,Advanced Pack,2021-12-22,ROUTINE CHECK,570102973093759
150,21,Economy Pack,2021-12-11,SYSTEM ERROR,902184041414787
151,94,Advanced Pack,2021-08-30,ROUTINE CHECK,405007660176813
152,72,Advanced Pack,2021-12-29,ROUTINE CHECK,121548478500366
153,2,Advanced Pack,2021-05-04,ROUTINE CHECK,160998029788279
154,70,Economy Pack,2021-11-14,SYSTEM ERROR,321677322606381
155,75,Economy Pack,2021-09-16,ROUTINE CHECK,576370429452590
156,76,Advanced Pack,2021-09-02,SYSTEM ERROR,887507149075515
157,94,Economy Pack,2021-06-05,ROUTINE CHECK,753894561405784
158,46,Advanced Pack,2021-10-10,ROUTINE CHECK,13514759604057
159,28,Economy Pack,2021-11-21,ROUTINE CHECK,654869823015424
160,11,Economy Pack,2021-04-27,ROUTINE CHECK,107714231443489
161,93,Economy Pack,2021-04-21,ROUTINE CHECK,223223747247824
162,84,Economy Pack,2021-11-28,ROUTINE CHECK,650209226616239
163,74,Advanced Pack,2021-11-23,SYSTEM ERROR,901938721580704
164,48,Advanced Pack,2021-11-26,SYSTEM ERROR,585187737728965
165,5,Economy Pack,2021-11-27,SYSTEM ERROR,788487230510126
166,56,Advanced Pack,2021-10-06,ROUTINE CHECK,61097877309095
167,30,Advanced Pack,2021-12-26,ROUTINE CHECK,345115851964067
168,90,Advanced Pack,2021-08-03,ROUTINE CHECK,630216530457820
169,82,Economy Pack,2021-11-22,SYSTEM ERROR,500347010506777
170,21,Economy Pack,2021-11-30,SYSTEM ERROR,642758272119201
171,17,Economy Pack,2021-09-03,SYSTEM ERROR,456807601972432
172,73,Advanced Pack,2021-12-29,ROUTINE CHECK,769497868708896
173,43,Economy Pack,2021-12-27,ROUTINE CHECK,575997820890113
174,55,Advanced Pack,2021-09-25,ROUTINE CHECK,861368535892905
175,30,Economy Pack,2021-09-13,ROUTINE CHECK,730953683719153
176,55,Economy Pack,2021-06-17,SYSTEM ERROR,942954794223732
177,88,Advanced Pack,2021-10-01,ROUTINE CHECK,464709778158940
178,84,Advanced Pack,2021-10-06,SYSTEM ERROR,301557951416927
179,37,Economy Pack,2021-08-31,ROUTINE CHECK,830455101839200
180,38,Economy Pack,2021-09-26,ROUTINE CHECK,964499304548239
181,52,Economy Pack,2021-01-25,ROUTINE CHECK,505317811269390
182,73,Advanced Pack,2021-12-28,ROUTINE CHECK,945224986542680
183,34,Advanced Pack,2021-11-11,ROUTINE CHECK,363724826092570
184,53,Advanced Pack,2021-05-05,SYSTEM ERROR,603556170045801
185,9,Advanced Pack,2021-12-20,SYSTEM ERROR,198163419492251
186,21,Economy Pack,2021-12-30,SYSTEM ERROR,198914860944097
187,96,Economy Pack,2021-11-29,SYSTEM ERROR,673474667968321
188,75,Economy Pack,2021-09-20,SYSTEM ERROR,689028325718270
189,92,Advanced Pack,2021-12-29,ROUTINE CHECK,47175173529947
190,83,Advanced Pack,2021-12-17,ROUTINE CHECK,521155649524473
191,58,Advanced Pack,2021-08-13,SYSTEM ERROR,149016260384246
192,87,Economy Pack,2021-12-24,SYSTEM ERROR,25964089257843
193,48,Economy Pack,2021-08-29,ROUTINE CHECK,964274802760699
194,88,Economy Pack,2021-12-30,SYSTEM ERROR,66491243288704
195,89,Economy Pack,2021-12-14,SYSTEM ERROR,544795426724906
196,94,Economy Pack,2021-08-31,ROUTINE CHECK,991861583635532
197,96,Advanced Pack,2021-12-08,SYSTEM ERROR,3867751180016
198,28,Economy Pack,2021-08-09,ROUTINE CHECK,841796789676351
199,68,Advanced Pack,2021-11-24,SYSTEM ERROR,302844270436518
200,64,Advanced Pack,2021-07-15,SYSTEM ERROR,370338376508451
201,99,Economy Pack,2021-11-05,ROUTINE CHECK,956467984522422
202,55,Advanced Pack,2021-09-11,ROUTINE CHECK,835242141828438
203,75,Economy Pack,2021-06-14,ROUTINE CHECK,302351037351425
204,14,Advanced Pack,2021-12-09,SYSTEM ERROR,957256651117514
205,72,Economy Pack,2021-12-28,ROUTINE CHECK,570900712972297
206,50,Economy Pack,2021-05-11,SYSTEM ERROR,657082343069272
207,83,Advanced Pack,2021-07-14,SYSTEM ERROR,470766446132767
208,96,Advanced Pack,2021-08-29,SYSTEM ERROR,229876305305845
209,89,Economy Pack,2021-12-26,SYSTEM ERROR,892986579096094
210,47,Advanced Pack,2021-10-27,SYSTEM ERROR,647939960036386
211,82,Economy Pack,2021-11-27,SYSTEM ERROR,8024486572779
212,47,Economy Pack,2021-06-13,ROUTINE CHECK,545936799239742
213,52,Advanced Pack,2021-10-20,ROUTINE CHECK,907076626169263
214,41,Economy Pack,2021-05-08,SYSTEM ERROR,86567548200000
215,29,Advanced Pack,2021-12-27,SYSTEM ERROR,7143048048847
216,23,Advanced Pack,2021-11-23,SYSTEM ERROR,882444310590703
217,6,Economy Pack,2021-04-10,ROUTINE CHECK,906366292259099
218,55,Advanced Pack,2021-08-14,ROUTINE CHECK,862832319823199
219,12,Economy Pack,2021-09-28,ROUTINE CHECK,135310248077263
220,84,Advanced Pack,2021-09-30,ROUTINE CHECK,12843538357508
221,63,Advanced Pack,2021-06-24,ROUTINE CHECK,991966693834974
222,53,Advanced Pack,2021-09-20,ROUTINE CHECK,130626670495700
223,52,Economy Pack,2021-11-06,ROUTINE CHECK,21734265383684
224,48,Advanced Pack,2021-12-17,SYSTEM ERROR,174674639603989
225,54,Economy Pack,2021-12-22,ROUTINE CHECK,482046937104880
226,41,Advanced Pack,2021-12-14,SYSTEM ERROR,381127041773265
227,95,Economy Pack,2021-12-22,ROUTINE CHECK,324518490748497
228,64,Economy Pack,2021-12-20,ROUTINE CHECK,861319781774716
229,13,Advanced Pack,2021-12-20,SYSTEM ERROR,913815731012149
230,93,Advanced Pack,2021-12-07,ROUTINE CHECK,712132830320377
231,21,Advanced Pack,2021-12-20,SYSTEM ERROR,902184728686983
232,22,Advanced Pack,2021-05-04,SYSTEM ERROR,859921835239146
233,89,Economy Pack,2021-09-28,SYSTEM ERROR,358177580332796
234,80,Advanced Pack,2021-12-26,SYSTEM ERROR,22358516340180
235,93,Advanced Pack,2021-09-21,SYSTEM ERROR,986094752351360
236,52,Advanced Pack,2021-12-30,SYSTEM ERROR,286113836776836
237,57,Advanced Pack,2021-10-31,SYSTEM ERROR,973878689667649
238,67,Economy Pack,2021-05-31,ROUTINE CHECK,912619516248535
239,41,Advanced Pack,2021-12-04,SYSTEM ERROR,757134729849200
240,62,Economy Pack,2021-12-08,ROUTINE CHECK,790818077372930
241,72,Economy Pack,2021-12-21,SYSTEM ERROR,553597282066151
242,53,Economy Pack,2021-11-18,ROUTINE CHECK,580248469361637
243,52,Advanced Pack,2021-12-08,SYSTEM ERROR,870966637499664
244,74,Advanced Pack,2021-12-22,ROUTINE CHECK,963433204292750
245,17,Economy Pack,2021-11-11,SYSTEM ERROR,366253145265194
246,91,Economy Pack,2021-10-26,SYSTEM ERROR,450791746659138
247,39,Economy Pack,2021-11-19,SYSTEM ERROR,843750613040803
248,47,Economy Pack,2021-12-14,ROUTINE CHECK,676901855208911
249,8,Economy Pack,2021-12-19,ROUTINE CHECK,690059477525763
250,41,Advanced Pack,2021-08-14,SYSTEM ERROR,455421019026237
251,32,Economy Pack,2021-12-12,SYSTEM ERROR,545510729323536
252,8,Economy Pack,2021-07-24,ROUTINE CHECK,470655881109147
253,34,Economy Pack,2021-11-09,SYSTEM ERROR,954855673259900
254,70,Economy Pack,2021-12-30,SYSTEM ERROR,891602930031395
255,46,Economy Pack,2021-09-08,ROUTINE CHECK,174793063850033
256,60,Economy Pack,2021-08-05,SYSTEM ERROR,721887225277690
257,75,Economy Pack,2021-12-26,SYSTEM ERROR,687752919007400
258,39,Economy Pack,2021-07-17,SYSTEM ERROR,876304414031261
259,50,Economy Pack,2021-12-20,SYSTEM ERROR,275327252046035
260,50,Advanced Pack,2021-04-17,ROUTINE CHECK,192794467586708
261,60,Economy Pack,2021-12-15,SYSTEM ERROR,133589925203693
262,83,Economy Pack,2021-08-26,SYSTEM ERROR,922706535280592
263,90,Economy Pack,2021-11-15,ROUTINE CHECK,608856101507741
264,21,Advanced Pack,2021-07-23,SYSTEM ERROR,322667839386974
265,67,Advanced Pack,2021-10-30,ROUTINE CHECK,973908879007072
266,70,Advanced Pack,2021-09-03,SYSTEM ERROR,783341004965754
267,16,Economy Pack,2021-12-12,SYSTEM ERROR,717842161155274
268,40,Advanced Pack,2021-11-29,ROUTINE CHECK,767522822105108
269,85,Economy Pack,2021-12-16,SYSTEM ERROR,620854423733702
270,52,Advanced Pack,2021-12-06,SYSTEM ERROR,101871570284062
271,2,Economy Pack,2021-12-30,ROUTINE CHECK,424539673102785
272,42,Economy Pack,2021-12-03,ROUTINE CHECK,420679002136401
273,73,Advanced Pack,2021-11-06,ROUTINE CHECK,30148368243842
274,97,Advanced Pack,2021-05-31,SYSTEM ERROR,53397461867440
275,0,Advanced Pack,2021-11-22,SYSTEM ERROR,46645226070569
276,58,Advanced Pack,2021-02-03,SYSTEM ERROR,53934677777882
277,9,Economy Pack,2021-09-10,ROUTINE CHECK,942317487890352
278,92,Advanced Pack,2021-12-06,SYSTEM ERROR,771718683828246
279,74,Economy Pack,2021-06-01,ROUTINE CHECK,166839302178654
280,29,Advanced Pack,2021-12-11,ROUTINE CHECK,302073094762177
281,23,Advanced Pack,2021-11-29,SYSTEM ERROR,176187483087809
282,6,Advanced Pack,2021-08-28,ROUTINE CHECK,630092348351010
283,75,Economy Pack,2021-11-21,ROUTINE CHECK,841702544114511
284,96,Economy Pack,2021-11-21,ROUTINE CHECK,486910416925370
285,31,Advanced Pack,2021-06-13,SYSTEM ERROR,978221857071094
286,74,Economy Pack,2021-10-21,SYSTEM ERROR,308143867076197
287,80,Economy Pack,2021-11-06,ROUTINE CHECK,744759924161786
288,18,Advanced Pack,2021-08-09,ROUTINE CHECK,740835222052902
289,6,Economy Pack,2021-11-15,SYSTEM ERROR,594166536268371
290,48,Economy Pack,2021-10-27,SYSTEM ERROR,236979874580973
291,75,Economy Pack,2021-08-30,ROUTINE CHECK,635973150806001
292,7,Advanced Pack,2021-12-01,SYSTEM ERROR,855410200822680
293,31,Advanced Pack,2021-07-14,SYSTEM ERROR,32414004712941
294,70,Economy Pack,2021-07-31,SYSTEM ERROR,794642084309505
295,44,Advanced Pack,2021-11-22,ROUTINE CHECK,614657413157015
296,41,Advanced Pack,2021-05-18,ROUTINE CHECK,472887069624915
297,65,Economy Pack,2021-12-22,ROUTINE CHECK,395465600381976
298,71,Advanced Pack,2021-12-16,SYSTEM ERROR,861612981188793
299,34,Economy Pack,2021-11-04,SYSTEM ERROR,189605332914782
300,88,Economy Pack,2021-12-13,ROUTINE CHECK,825530312459258
301,54,Economy Pack,2021-11-12,SYSTEM ERROR,612184794322091
302,0,Economy Pack,2021-03-11,ROUTINE CHECK,258462067072500
303,66,Economy Pack,2021-10-10,ROUTINE CHECK,108435679854946
304,76,Economy Pack,2021-11-17,SYSTEM ERROR,422807521887512
305,33,Economy Pack,2021-10-31,SYSTEM ERROR,277621045899931
306,36,Economy Pack,2021-08-23,ROUTINE CHECK,398337895593124
307,11,Economy Pack,2021-12-04,SYSTEM ERROR,480541896114166
308,0,Economy Pack,2021-09-21,ROUTINE CHECK,143987992548387
309,45,Advanced Pack,2021-09-30,ROUTINE CHECK,431359416106722
310,6,Advanced Pack,2021-10-03,SYSTEM ERROR,376056869698225
311,1,Advanced Pack,2021-12-14,ROUTINE CHECK,262109597421676
312,17,Advanced Pack,2021-10-20,SYSTEM ERROR,524852433436238
313,60,Advanced Pack,2021-10-10,ROUTINE CHECK,551164096726596
314,63,Economy Pack,2021-12-09,SYSTEM ERROR,877451786561036
315,66,Advanced Pack,2021-12-20,ROUTINE CHECK,471762909444704
316,24,Economy Pack,2021-12-04,ROUTINE CHECK,847094653328092
317,69,Advanced Pack,2021-11-23,ROUTINE CHECK,475139768032449
318,81,Economy Pack,2021-08-29,SYSTEM ERROR,995561935126545
319,48,Advanced Pack,2021-07-04,SYSTEM ERROR,121066017246297
320,35,Advanced Pack,2021-10-08,SYSTEM ERROR,599223386754448
321,5,Economy Pack,2021-09-11,SYSTEM ERROR,278441218078862
322,0,Advanced Pack,2021-09-16,ROUTINE CHECK,977993667087364
323,7,Advanced Pack,2021-12-16,ROUTINE CHECK,910575252568336
324,19,Economy Pack,2021-11-19,ROUTINE CHECK,28700533012144
325,12,Advanced Pack,2021-10-25,SYSTEM ERROR,333217608277052
326,21,Economy Pack,2021-11-05,SYSTEM ERROR,554135255766607
327,20,Advanced Pack,2021-09-27,ROUTINE CHECK,921463575420500
328,69,Advanced Pack,2021-08-16,SYSTEM ERROR,542073495985014
329,88,Economy Pack,2021-09-09,SYSTEM ERROR,326182748065441
330,63,Economy Pack,2021-03-24,SYSTEM ERROR,892135924610862
331,6,Advanced Pack,2021-12-27,SYSTEM ERROR,947819731935302
332,81,Economy Pack,2021-12-20,ROUTINE CHECK,340441664250475
333,58,Economy Pack,2021-12-02,SYSTEM ERROR,375858905385079
334,0,Advanced Pack,2021-09-12,SYSTEM ERROR,780654266892923
335,36,Economy Pack,2021-09-18,ROUTINE CHECK,966679892454523
336,51,Advanced Pack,2021-07-11,SYSTEM ERROR,899347916106951
337,67,Economy Pack,2021-08-02,ROUTINE CHECK,4130336204935
338,84,Advanced Pack,2021-12-07,ROUTINE CHECK,344104825253676
339,58,Advanced Pack,2021-12-22,SYSTEM ERROR,449428127005046
340,42,Economy Pack,2021-07-16,ROUTINE CHECK,357822420506513
341,21,Economy Pack,2021-12-11,SYSTEM ERROR,238828032914458
342,11,Economy Pack,2021-04-24,ROUTINE CHECK,152312496108209
343,33,Advanced Pack,2021-09-14,SYSTEM ERROR,611847570220917
344,58,Advanced Pack,2021-11-09,ROUTINE CHECK,935569422519439
345,23,Economy Pack,2021-11-21,SYSTEM ERROR,555424858405715
346,29,Advanced Pack,2021-06-25,SYSTEM ERROR,519237555070281
347,4,Economy Pack,2021-04-09,ROUTINE CHECK,949277930374640
348,85,Economy Pack,2021-09-06,ROUTINE CHECK,462793804507959
349,48,Economy Pack,2021-10-17,ROUTINE CHECK,357966473167321
350,54,Economy Pack,2021-11-07,SYSTEM ERROR,991830025368189
351,56,Advanced Pack,2021-11-07,SYSTEM ERROR,941881355211711
352,40,Advanced Pack,2021-09-20,SYSTEM ERROR,231839803811912
353,89,Economy Pack,2021-08-07,ROUTINE CHECK,353867729302625
354,12,Economy Pack,2021-10-30,SYSTEM ERROR,986069435013834
355,5,Economy Pack,2021-12-26,SYSTEM ERROR,601439918971223
356,30,Economy Pack,2021-07-07,ROUTINE CHECK,228968873808086
357,94,Advanced Pack,2021-01-20,ROUTINE CHECK,288789066118297
358,75,Advanced Pack,2021-12-17,SYSTEM ERROR,924089323726858
359,27,Economy Pack,2021-10-29,ROUTINE CHECK,15008137782898
360,32,Advanced Pack,2021-09-27,SYSTEM ERROR,729564746924032
361,30,Advanced Pack,2021-12-09,SYSTEM ERROR,108389781149681
362,5,Advanced Pack,2021-09-30,ROUTINE CHECK,447161674482641
363,38,Economy Pack,2021-04-24,ROUTINE CHECK,818008056496052
364,59,Economy Pack,2021-10-14,SYSTEM ERROR,548736366531869
365,65,Advanced Pack,2021-12-27,SYSTEM ERROR,363112424994131
366,68,Economy Pack,2021-12-27,ROUTINE CHECK,174271508918508
367,74,Advanced Pack,2021-10-06,ROUTINE CHECK,171577608992936
368,63,Advanced Pack,2021-05-22,SYSTEM ERROR,136107752737200
369,45,Advanced Pack,2021-10-07,ROUTINE CHECK,544939484068561
370,57,Advanced Pack,2021-02-28,SYSTEM ERROR,353439779552126
371,76,Economy Pack,2021-06-04,ROUTINE CHECK,840162032697027
372,41,Advanced Pack,2021-12-14,ROUTINE CHECK,889176521426245
373,7,Advanced Pack,2021-02-08,SYSTEM ERROR,940766670530850
374,88,Economy Pack,2021-10-26,SYSTEM ERROR,404745045120503
375,51,Economy Pack,2021-08-14,ROUTINE CHECK,30336785911814
376,4,Advanced Pack,2021-04-01,ROUTINE CHECK,434478961484104
377,99,Advanced Pack,2021-07-17,SYSTEM ERROR,275888588888013
378,16,Advanced Pack,2021-11-27,SYSTEM ERROR,820072081551830
379,7,Advanced Pack,2021-12-14,ROUTINE CHECK,791453026343146
380,94,Advanced Pack,2021-12-28,ROUTINE CHECK,970771441039434
381,52,Advanced Pack,2021-10-10,SYSTEM ERROR,569652218395474
382,65,Advanced Pack,2021-10-27,SYSTEM ERROR,196378374530437
383,96,Advanced Pack,2021-12-12,ROUTINE CHECK,352757003565669
384,94,Advanced Pack,2021-12-15,ROUTINE CHECK,397142427715186
385,23,Economy Pack,2021-12-04,ROUTINE CHECK,890735749872608
386,38,Economy Pack,2021-12-23,SYSTEM ERROR,929625159010880
387,73,Advanced Pack,2021-11-16,SYSTEM ERROR,276575540693588
388,44,Economy Pack,2021-12-26,SYSTEM ERROR,73776505749286
389,62,Economy Pack,2021-10-07,ROUTINE CHECK,751571139553625
390,40,Advanced Pack,2021-10-15,SYSTEM ERROR,602854679380329
391,47,Economy Pack,2021-10-26,ROUTINE CHECK,442132205785146
392,56,Economy Pack,2021-10-17,ROUTINE CHECK,179701513960985
393,43,Economy Pack,2021-10-22,ROUTINE CHECK,464362114797277
394,89,Advanced Pack,2021-05-06,ROUTINE CHECK,51584592387182
395,34,Economy Pack,2021-08-04,ROUTINE CHECK,44277118818645
396,67,Advanced Pack,2021-12-25,SYSTEM ERROR,314175125405113
397,92,Economy Pack,2021-08-24,SYSTEM ERROR,190479419102705
398,45,Economy Pack,2021-11-22,ROUTINE CHECK,733445166897188
399,78,Economy Pack,2021-06-23,ROUTINE CHECK,40665274051771
400,59,Advanced Pack,2021-12-05,SYSTEM ERROR,800970064387196
401,79,Economy Pack,2021-07-16,SYSTEM ERROR,476473616197513
402,9,Advanced Pack,2021-12-27,SYSTEM ERROR,871777860133453
403,23,Advanced Pack,2021-12-16,SYSTEM ERROR,449458363671762
404,67,Advanced Pack,2021-06-06,SYSTEM ERROR,452513545472343
405,4,Economy Pack,2021-10-11,SYSTEM ERROR,714804242759321
406,97,Economy Pack,2021-11-24,ROUTINE CHECK,618356292061841
407,73,Economy Pack,2021-08-05,SYSTEM ERROR,639603346359343
408,50,Advanced Pack,2021-12-25,ROUTINE CHECK,736957968766316
409,99,Advanced Pack,2021-12-15,ROUTINE CHECK,980576024490594
410,28,Economy Pack,2021-04-08,SYSTEM ERROR,871316589880965
411,15,Economy Pack,2021-08-21,SYSTEM ERROR,375776394216884
412,62,Advanced Pack,2021-10-21,ROUTINE CHECK,266499710317136
413,41,Advanced Pack,2021-10-20,ROUTINE CHECK,521176291103831
414,1,Economy Pack,2021-05-13,SYSTEM ERROR,334127994175038
415,93,Economy Pack,2021-09-12,ROUTINE CHECK,355668201125954
416,70,Advanced Pack,2021-02-12,SYSTEM ERROR,647039494277391
417,52,Advanced Pack,2021-12-17,SYSTEM ERROR,37417826934571
418,42,Advanced Pack,2021-08-05,SYSTEM ERROR,479052193430136
419,93,Advanced Pack,2021-09-13,ROUTINE CHECK,827056668841863
420,73,Economy Pack,2021-12-15,ROUTINE CHECK,314631389223080
421,5,Advanced Pack,2021-09-24,ROUTINE CHECK,17113036860474
422,22,Advanced Pack,2021-07-29,SYSTEM ERROR,735016410030045
423,32,Economy Pack,2021-09-23,SYSTEM ERROR,644795439720952
424,42,Economy Pack,2021-12-19,SYSTEM ERROR,210616289895940
425,55,Economy Pack,2021-11-03,ROUTINE CHECK,39002987608454
426,24,Advanced Pack,2021-12-10,SYSTEM ERROR,201823028376800
427,82,Advanced Pack,2021-08-29,SYSTEM ERROR,87007814920678
428,45,Economy Pack,2021-08-02,ROUTINE CHECK,876442934107984
429,56,Economy Pack,2021-12-25,SYSTEM ERROR,554400842343420
430,81,Advanced Pack,2021-11-18,SYSTEM ERROR,696794842940468
431,18,Advanced Pack,2021-12-24,ROUTINE CHECK,465363476257844
432,16,Advanced Pack,2021-09-15,ROUTINE CHECK,665930105820515
433,44,Economy Pack,2021-12-05,ROUTINE CHECK,450316631443776
434,43,Advanced Pack,2021-05-29,ROUTINE CHECK,746864256434405
435,47,Economy Pack,2021-12-20,ROUTINE CHECK,991657738729264
436,32,Advanced Pack,2021-12-28,SYSTEM ERROR,428860564015620
437,98,Advanced Pack,2021-12-01,ROUTINE CHECK,848751646497152
438,39,Economy Pack,2021-02-09,SYSTEM ERROR,664162925478974
439,74,Economy Pack,2021-10-08,SYSTEM ERROR,916562224555704
440,22,Economy Pack,2021-09-25,SYSTEM ERROR,463272028804820
441,9,Economy Pack,2021-09-27,SYSTEM ERROR,257423703945515
442,68,Economy Pack,2021-12-13,ROUTINE CHECK,351340824860708
443,28,Advanced Pack,2021-10-24,SYSTEM ERROR,949663121874531
444,39,Advanced Pack,2021-10-23,SYSTEM ERROR,121247251531590
445,18,Advanced Pack,2021-12-25,ROUTINE CHECK,478804832773058
446,64,Economy Pack,2021-06-11,ROUTINE CHECK,769032806655762
447,81,Economy Pack,2021-06-05,ROUTINE CHECK,8159295562143
448,47,Economy Pack,2021-02-09,ROUTINE CHECK,44294667448413
449,56,Economy Pack,2021-10-12,SYSTEM ERROR,492822230512346
450,5,Advanced Pack,2021-10-07,SYSTEM ERROR,777471452428621
451,60,Economy Pack,2021-11-26,SYSTEM ERROR,365638832782597
452,89,Economy Pack,2021-12-22,SYSTEM ERROR,383953967216207
453,20,Economy Pack,2021-07-09,SYSTEM ERROR,100605777588623
454,69,Advanced Pack,2021-12-07,ROUTINE CHECK,577927578040998
455,47,Advanced Pack,2021-09-28,ROUTINE CHECK,946165494232447
456,75,Economy Pack,2021-02-15,ROUTINE CHECK,728337977888635
457,19,Economy Pack,2021-11-12,SYSTEM ERROR,636122052175911
458,24,Economy Pack,2021-12-26,ROUTINE CHECK,185754860235251
459,22,Economy Pack,2021-12-27,ROUTINE CHECK,420592865416378
460,70,Advanced Pack,2021-10-22,SYSTEM ERROR,526086690564472
461,91,Advanced Pack,2021-11-12,SYSTEM ERROR,228260146467404
462,1,Advanced Pack,2021-11-26,SYSTEM ERROR,802421891340731
463,75,Economy Pack,2021-05-09,ROUTINE CHECK,929015030294106
464,49,Advanced Pack,2021-09-07,SYSTEM ERROR,234175853470670
465,48,Advanced Pack,2021-07-23,ROUTINE CHECK,702113560066351
466,61,Advanced Pack,2021-08-12,SYSTEM ERROR,202158067166391
467,25,Advanced Pack,2021-11-19,ROUTINE CHECK,163590479633306
468,30,Advanced Pack,2021-12-04,SYSTEM ERROR,45223868167515
469,89,Economy Pack,2021-09-16,ROUTINE CHECK,282749488934056
470,24,Economy Pack,2021-08-17,ROUTINE CHECK,56237497710729
471,57,Advanced Pack,2021-12-27,SYSTEM ERROR,390849337411477
472,86,Economy Pack,2021-07-27,SYSTEM ERROR,46401252490163
473,95,Economy Pack,2021-08-19,ROUTINE CHECK,349345600671023
474,38,Advanced Pack,2021-12-17,ROUTINE CHECK,904130893840873
475,18,Advanced Pack,2021-11-27,ROUTINE CHECK,948119362951305
476,43,Advanced Pack,2021-11-28,SYSTEM ERROR,824151658959148
477,55,Advanced Pack,2021-08-28,ROUTINE CHECK,222008138093744
478,74,Economy Pack,2021-07-09,SYSTEM ERROR,882550973662131
479,40,Advanced Pack,2021-12-19,SYSTEM ERROR,649815371364925
480,79,Advanced Pack,2021-08-07,ROUTINE CHECK,812964444398190
481,84,Economy Pack,2021-04-15,SYSTEM ERROR,507652585079723
482,30,Economy Pack,2021-08-15,ROUTINE CHECK,474528873951104
483,96,Advanced Pack,2021-09-07,ROUTINE CHECK,592760921942949
484,50,Advanced Pack,2021-10-01,ROUTINE CHECK,953871449162281
485,69,Advanced Pack,2021-07-13,SYSTEM ERROR,928703490885530
486,39,Economy Pack,2021-04-24,ROUTINE CHECK,777546432430589
487,4,Advanced Pack,2021-12-03,ROUTINE CHECK,6715937224567
488,59,Economy Pack,2021-10-30,ROUTINE CHECK,269973450052428
489,59,Economy Pack,2021-11-07,ROUTINE CHECK,255661740514038
490,70,Economy Pack,2021-08-08,ROUTINE CHECK,928783130434188
491,21,Advanced Pack,2021-12-11,SYSTEM ERROR,398399034264097
492,33,Economy Pack,2021-12-21,SYSTEM ERROR,480308884504196
493,93,Economy Pack,2021-11-24,SYSTEM ERROR,873184746741778
494,51,Economy Pack,2021-06-02,ROUTINE CHECK,656974903125592
495,93,Advanced Pack,2021-12-18,ROUTINE CHECK,958042462413830
496,68,Economy Pack,2021-08-04,ROUTINE CHECK,889362214085944
497,95,Advanced Pack,2021-12-24,ROUTINE CHECK,360745382732873
498,74,Advanced Pack,2021-12-19,SYSTEM ERROR,660218763037802
499,61,Advanced Pack,2021-11-26,ROUTINE CHECK,466411660508420
500,70,Economy Pack,2021-09-19,SYSTEM ERROR,152572348151164
501,5,Economy Pack,2021-10-20,ROUTINE CHECK,193635528108061
502,70,Economy Pack,2021-08-13,ROUTINE CHECK,665927237592553
503,8,Advanced Pack,2021-08-04,ROUTINE CHECK,342198937465770
504,52,Advanced Pack,2021-12-21,ROUTINE CHECK,967384430829924
505,55,Advanced Pack,2021-12-29,SYSTEM ERROR,250246418009819
506,35,Advanced Pack,2021-11-16,SYSTEM ERROR,383691758373761
507,39,Advanced Pack,2021-11-19,SYSTEM ERROR,931324306568423
508,10,Advanced Pack,2021-05-30,ROUTINE CHECK,239792584313614
509,75,Economy Pack,2021-12-08,SYSTEM ERROR,934934298499831
510,31,Advanced Pack,2021-12-20,ROUTINE CHECK,816966413130597
511,24,Economy Pack,2021-10-29,ROUTINE CHECK,728270384351895
512,19,Economy Pack,2021-10-10,SYSTEM ERROR,527450051144173
513,42,Economy Pack,2021-12-30,ROUTINE CHECK,893150566137177
514,18,Economy Pack,2021-07-14,ROUTINE CHECK,172129636153298
515,56,Economy Pack,2021-08-08,ROUTINE CHECK,501820356706189
516,2,Economy Pack,2021-06-14,ROUTINE CHECK,834254781972695
517,70,Economy Pack,2021-05-05,SYSTEM ERROR,725397116959323
518,97,Advanced Pack,2021-11-24,SYSTEM ERROR,871887925343935
519,63,Advanced Pack,2021-11-26,ROUTINE CHECK,432174281782891
520,18,Advanced Pack,2021-12-02,SYSTEM ERROR,651363914779368
521,73,Economy Pack,2021-12-22,SYSTEM ERROR,322603185393619
522,85,Economy Pack,2021-12-20,SYSTEM ERROR,469111368551364
523,46,Economy Pack,2021-08-28,ROUTINE CHECK,818675392314159
524,98,Economy Pack,2021-08-28,SYSTEM ERROR,9716135076629
525,32,Advanced Pack,2021-12-26,SYSTEM ERROR,545441313598154
526,16,Advanced Pack,2021-12-19,SYSTEM ERROR,405848071229972
527,27,Advanced Pack,2021-11-27,SYSTEM ERROR,984244780726830
528,74,Advanced Pack,2021-09-17,ROUTINE CHECK,321968102631306
529,33,Advanced Pack,2021-12-26,ROUTINE CHECK,406351898305885
530,22,Economy Pack,2021-11-03,SYSTEM ERROR,263354726210374
531,96,Economy Pack,2021-12-11,SYSTEM ERROR,968666115989772
532,16,Economy Pack,2021-08-30,ROUTINE CHECK,896765337063307
533,65,Advanced Pack,2021-11-24,ROUTINE CHECK,257252495369944
534,66,Economy Pack,2021-11-06,SYSTEM ERROR,165934880760905
535,99,Economy Pack,2021-11-08,ROUTINE CHECK,584935858250283
536,47,Advanced Pack,2021-09-06,ROUTINE CHECK,651867611206140
537,56,Economy Pack,2021-10-15,SYSTEM ERROR,664497354034965
538,64,Economy Pack,2021-12-10,SYSTEM ERROR,364340583879739
539,5,Advanced Pack,2021-07-08,SYSTEM ERROR,795248166425737
540,5,Economy Pack,2021-07-08,SYSTEM ERROR,232295538930377
541,70,Advanced Pack,2021-11-04,ROUTINE CHECK,987738659781825
542,32,Advanced Pack,2021-12-18,SYSTEM ERROR,434170753223117
543,86,Economy Pack,2021-12-19,SYSTEM ERROR,71859390712290
544,66,Economy Pack,2021-01-16,SYSTEM ERROR,987710879277776
545,59,Economy Pack,2021-12-30,ROUTINE CHECK,359432478804969
546,6,Advanced Pack,2021-08-01,ROUTINE CHECK,240000382368369
547,98,Economy Pack,2021-12-30,ROUTINE CHECK,547639265227850
548,47,Advanced Pack,2021-12-21,SYSTEM ERROR,301397873818681
549,74,Advanced Pack,2021-08-25,SYSTEM ERROR,761023649187593
550,56,Economy Pack,2021-12-04,ROUTINE CHECK,262474540299382
551,44,Economy Pack,2021-12-04,SYSTEM ERROR,40852231719995
552,95,Advanced Pack,2021-07-24,SYSTEM ERROR,151420974338953
553,86,Economy Pack,2021-06-19,ROUTINE CHECK,165250686816958
554,85,Economy Pack,2021-12-16,SYSTEM ERROR,799391629662594
555,66,Economy Pack,2021-11-23,SYSTEM ERROR,890854980832770
556,90,Economy Pack,2021-11-24,SYSTEM ERROR,377561477625315
557,4,Advanced Pack,2021-08-21,SYSTEM ERROR,766335885041553
558,54,Economy Pack,2021-11-23,SYSTEM ERROR,196111262784109
559,42,Economy Pack,2021-11-27,SYSTEM ERROR,743544424555152
560,14,Advanced Pack,2021-07-07,SYSTEM ERROR,867431573211714
561,93,Advanced Pack,2021-10-14,SYSTEM ERROR,514813055914562
562,44,Economy Pack,2021-11-26,ROUTINE CHECK,464535491578625
563,99,Advanced Pack,2021-07-18,SYSTEM ERROR,429205653088489
564,11,Advanced Pack,2021-11-10,SYSTEM ERROR,757859416517084
565,99,Advanced Pack,2021-12-18,SYSTEM ERROR,183148940756595
566,56,Advanced Pack,2021-05-28,SYSTEM ERROR,617068576833840
567,32,Economy Pack,2021-11-22,SYSTEM ERROR,165506444241959
568,82,Advanced Pack,2021-08-07,ROUTINE CHECK,163509708255150
569,66,Advanced Pack,2021-12-09,ROUTINE CHECK,202016575574960
570,41,Advanced Pack,2021-12-04,ROUTINE CHECK,113012509904822
571,91,Advanced Pack,2021-11-24,ROUTINE CHECK,693242347774796
572,24,Economy Pack,2021-12-29,ROUTINE CHECK,688642950919886
573,0,Advanced Pack,2021-09-10,SYSTEM ERROR,897650031657289
574,58,Advanced Pack,2021-07-24,SYSTEM ERROR,315531533939530
575,78,Advanced Pack,2021-11-29,ROUTINE CHECK,710423881282083
576,50,Advanced Pack,2021-04-22,ROUTINE CHECK,995942312488584
577,11,Advanced Pack,2021-08-07,ROUTINE CHECK,633864019343981
578,59,Advanced Pack,2021-11-17,ROUTINE CHECK,155733723930250
579,16,Advanced Pack,2021-10-16,SYSTEM ERROR,638732846384134
580,23,Economy Pack,2021-12-19,SYSTEM ERROR,82926216158035
581,74,Economy Pack,2021-05-28,SYSTEM ERROR,268778923235045
582,60,Economy Pack,2021-12-17,SYSTEM ERROR,839217699690777
583,5,Economy Pack,2021-10-28,ROUTINE CHECK,586888690916136
584,36,Advanced Pack,2021-04-30,ROUTINE CHECK,881667857842310
585,20,Advanced Pack,2021-12-24,ROUTINE CHECK,318305505788646
586,76,Economy Pack,2021-07-01,SYSTEM ERROR,11700898857236
587,57,Advanced Pack,2021-07-31,ROUTINE CHECK,975306716134823
588,54,Economy Pack,2021-11-25,SYSTEM ERROR,793702960148930
589,46,Advanced Pack,2021-12-08,ROUTINE CHECK,980992912408457
590,6,Advanced Pack,2021-12-17,ROUTINE CHECK,353509416373764
591,71,Economy Pack,2021-03-19,ROUTINE CHECK,388096058377244
592,31,Advanced Pack,2021-06-03,ROUTINE CHECK,619885264029966
593,12,Advanced Pack,2021-08-22,ROUTINE CHECK,347522313745541
594,71,Advanced Pack,2021-03-15,ROUTINE CHECK,963878626798335
595,94,Economy Pack,2021-10-05,ROUTINE CHECK,825757540185389
596,49,Advanced Pack,2021-12-27,SYSTEM ERROR,936936876607013
597,47,Economy Pack,2021-12-30,ROUTINE CHECK,934414067057610
598,3,Economy Pack,2021-11-30,SYSTEM ERROR,873456508275679
599,49,Advanced Pack,2021-10-05,ROUTINE CHECK,670138653737661
600,47,Advanced Pack,2021-08-04,ROUTINE CHECK,687481168794341
601,26,Economy Pack,2021-10-07,ROUTINE CHECK,370280422812587
602,25,Economy Pack,2021-12-28,SYSTEM ERROR,30614868394321
603,51,Economy Pack,2021-10-14,ROUTINE CHECK,962146224590775
604,1,Economy Pack,2021-12-22,SYSTEM ERROR,986784003282776
605,88,Economy Pack,2021-07-17,ROUTINE CHECK,312407468240418
606,46,Advanced Pack,2021-11-26,ROUTINE CHECK,266176812552783
607,5,Advanced Pack,2021-04-10,ROUTINE CHECK,392420328869240
608,64,Advanced Pack,2021-09-29,SYSTEM ERROR,455062301627170
609,48,Economy Pack,2021-11-29,SYSTEM ERROR,656038318072059
610,78,Economy Pack,2021-09-14,SYSTEM ERROR,469619200363037
611,41,Economy Pack,2021-10-02,ROUTINE CHECK,619820381910696
612,20,Advanced Pack,2021-12-03,ROUTINE CHECK,465021986307579
613,85,Economy Pack,2021-11-11,ROUTINE CHECK,129689005281199
614,28,Advanced Pack,2021-12-18,ROUTINE CHECK,821911873527889
615,30,Advanced Pack,2021-10-19,SYSTEM ERROR,100854664254949
616,32,Economy Pack,2021-06-20,SYSTEM ERROR,498157178319863
617,76,Economy Pack,2021-12-27,ROUTINE CHECK,634149266247657
618,64,Advanced Pack,2021-09-12,SYSTEM ERROR,69464814026167
619,52,Economy Pack,2021-03-25,SYSTEM ERROR,93387094367870
620,99,Economy Pack,2021-08-28,SYSTEM ERROR,941190359007767
621,7,Advanced Pack,2021-12-19,ROUTINE CHECK,282902214458654
622,81,Economy Pack,2021-12-13,SYSTEM ERROR,766711762574403
623,30,Advanced Pack,2021-12-23,SYSTEM ERROR,232659571212263
624,83,Advanced Pack,2021-08-20,SYSTEM ERROR,315618414075401
625,16,Advanced Pack,2021-11-02,ROUTINE CHECK,194085981891986
626,67,Advanced Pack,2021-12-03,ROUTINE CHECK,398023686604804
627,14,Advanced Pack,2021-11-19,ROUTINE CHECK,439558156745942
628,60,Economy Pack,2021-12-04,ROUTINE CHECK,121729199681351
629,70,Economy Pack,2021-08-25,ROUTINE CHECK,22491979262238
630,23,Advanced Pack,2021-08-06,SYSTEM ERROR,226633942817820
631,23,Advanced Pack,2021-09-23,ROUTINE CHECK,615564930934603
632,75,Advanced Pack,2021-11-20,SYSTEM ERROR,368492530526618
633,45,Advanced Pack,2021-08-07,ROUTINE CHECK,24646050927615
634,28,Economy Pack,2021-08-06,SYSTEM ERROR,410934230273006
635,76,Advanced Pack,2021-11-06,ROUTINE CHECK,395478863349028
636,88,Economy Pack,2021-06-28,ROUTINE CHECK,405237221312851
637,11,Advanced Pack,2021-09-28,SYSTEM ERROR,828058563992374
638,83,Advanced Pack,2021-12-10,SYSTEM ERROR,561941317083239
639,0,Economy Pack,2021-09-04,SYSTEM ERROR,309500020238829
640,8,Economy Pack,2021-11-29,ROUTINE CHECK,324965686789927
641,56,Economy Pack,2021-12-06,SYSTEM ERROR,856289724324804
642,69,Economy Pack,2021-03-14,ROUTINE CHECK,304651580892569
643,85,Advanced Pack,2021-10-07,SYSTEM ERROR,676876597522346
644,86,Advanced Pack,2021-03-24,SYSTEM ERROR,825874338919058
645,72,Economy Pack,2021-10-23,SYSTEM ERROR,280842605070883
646,37,Advanced Pack,2021-11-09,ROUTINE CHECK,109576098717786
647,4,Economy Pack,2021-12-23,ROUTINE CHECK,505279350809214
648,32,Advanced Pack,2021-03-26,SYSTEM ERROR,295095224583012
649,49,Economy Pack,2021-10-14,SYSTEM ERROR,149786305570200
650,48,Advanced Pack,2021-04-06,ROUTINE CHECK,566069402332276
651,92,Economy Pack,2021-12-25,SYSTEM ERROR,367387001120990
652,28,Economy Pack,2021-03-28,ROUTINE CHECK,313104949365891
653,22,Economy Pack,2021-10-20,ROUTINE CHECK,975807476210791
654,19,Advanced Pack,2021-12-23,SYSTEM ERROR,376913650434631
655,72,Economy Pack,2021-07-14,SYSTEM ERROR,441034188969350
656,67,Economy Pack,2021-08-08,SYSTEM ERROR,589852509372300
657,52,Advanced Pack,2021-11-22,SYSTEM ERROR,926822851793669
658,41,Advanced Pack,2021-12-30,SYSTEM ERROR,271631804802525
659,82,Advanced Pack,2021-12-14,ROUTINE CHECK,338622502785633
660,93,Advanced Pack,2021-11-24,ROUTINE CHECK,43962968028692
661,8,Economy Pack,2021-12-29,SYSTEM ERROR,871758360594312
662,34,Advanced Pack,2021-05-14,SYSTEM ERROR,781922040598821
663,6,Economy Pack,2021-12-15,ROUTINE CHECK,879618645415655
664,63,Economy Pack,2021-11-29,ROUTINE CHECK,588690009452909
665,84,Economy Pack,2021-10-07,ROUTINE CHECK,496221818294547
666,30,Advanced Pack,2021-05-14,SYSTEM ERROR,406689304742964
667,26,Advanced Pack,2021-12-07,SYSTEM ERROR,573949369454350
668,19,Advanced Pack,2021-08-08,ROUTINE CHECK,31036543735291
669,47,Advanced Pack,2021-07-04,SYSTEM ERROR,102656528961372
670,3,Economy Pack,2021-06-12,SYSTEM ERROR,509500165330189
671,44,Advanced Pack,2021-05-26,SYSTEM ERROR,489233091745330
672,31,Economy Pack,2021-11-01,SYSTEM ERROR,603430572448173
673,27,Advanced Pack,2021-09-01,SYSTEM ERROR,921741953746181
674,8,Economy Pack,2021-09-10,SYSTEM ERROR,911509004932683
675,15,Economy Pack,2021-07-31,SYSTEM ERROR,97675022899210
676,87,Advanced Pack,2021-12-07,ROUTINE CHECK,637396565865990
677,59,Economy Pack,2021-10-27,ROUTINE CHECK,607103342006022
678,68,Economy Pack,2021-09-30,ROUTINE CHECK,801056320234449
679,10,Advanced Pack,2021-12-09,SYSTEM ERROR,392973508460670
680,45,Economy Pack,2021-11-24,SYSTEM ERROR,102636289870931
681,52,Advanced Pack,2021-05-27,ROUTINE CHECK,703708334143354
682,78,Advanced Pack,2021-12-03,ROUTINE CHECK,716985023218996
683,97,Advanced Pack,2021-03-14,SYSTEM ERROR,801615750066366
684,47,Economy Pack,2021-12-17,ROUTINE CHECK,505557348938008
685,36,Advanced Pack,2021-12-03,ROUTINE CHECK,152246709668488
686,98,Economy Pack,2021-05-12,ROUTINE CHECK,198748143241995
687,37,Economy Pack,2021-10-29,ROUTINE CHECK,734280603531322
688,48,Advanced Pack,2021-12-30,ROUTINE CHECK,377734788127233
689,69,Economy Pack,2021-10-07,SYSTEM ERROR,407775327228130
690,26,Advanced Pack,2021-10-25,ROUTINE CHECK,934526147646228
691,40,Economy Pack,2021-12-07,SYSTEM ERROR,622986505557142
692,44,Advanced Pack,2021-08-13,SYSTEM ERROR,66653020537466
693,11,Advanced Pack,2021-10-31,SYSTEM ERROR,432622125102136
694,5,Advanced Pack,2021-02-17,ROUTINE CHECK,445545057647407
695,14,Economy Pack,2021-12-24,SYSTEM ERROR,506954295765957
696,66,Advanced Pack,2021-12-17,ROUTINE CHECK,210860312285937
697,97,Advanced Pack,2021-06-07,SYSTEM ERROR,437800144291107
698,99,Economy Pack,2021-12-24,SYSTEM ERROR,206968273389400
699,21,Economy Pack,2021-12-11,ROUTINE CHECK,696480988996785
700,37,Economy Pack,2021-06-18,SYSTEM ERROR,975469243856644
701,35,Advanced Pack,2021-06-18,ROUTINE CHECK,33249387165979
702,54,Advanced Pack,2021-12-30,ROUTINE CHECK,754223768997936
703,5,Economy Pack,2021-01-19,ROUTINE CHECK,156703354369776
704,64,Economy Pack,2021-12-07,ROUTINE CHECK,633151641959640
705,72,Advanced Pack,2021-12-23,SYSTEM ERROR,681570276495419
706,20,Economy Pack,2021-12-25,ROUTINE CHECK,98712498838981
707,7,Advanced Pack,2021-11-23,ROUTINE CHECK,296961678344361
708,24,Economy Pack,2021-12-14,SYSTEM ERROR,659912125923952
709,77,Economy Pack,2021-08-09,ROUTINE CHECK,591090573474787
710,94,Economy Pack,2021-12-22,SYSTEM ERROR,646862292333951
711,11,Advanced Pack,2021-10-22,SYSTEM ERROR,396809663146632
712,63,Advanced Pack,2021-12-21,ROUTINE CHECK,20316181420182
713,59,Advanced Pack,2021-04-23,SYSTEM ERROR,639312720067144
714,67,Advanced Pack,2021-06-21,SYSTEM ERROR,674641176216908
715,99,Economy Pack,2021-10-10,SYSTEM ERROR,897500550178123
716,14,Economy Pack,2021-11-30,ROUTINE CHECK,370969813320854
717,31,Economy Pack,2021-12-09,SYSTEM ERROR,466871997051101
718,83,Economy Pack,2021-08-10,ROUTINE CHECK,145264384910720
719,5,Economy Pack,2021-12-15,SYSTEM ERROR,346274334782347
720,28,Advanced Pack,2021-11-01,ROUTINE CHECK,183746215629759
721,72,Advanced Pack,2021-05-25,ROUTINE CHECK,791224231233179
722,21,Advanced Pack,2021-06-03,SYSTEM ERROR,618305273766689
723,51,Advanced Pack,2021-06-24,SYSTEM ERROR,933908512023222
724,47,Advanced Pack,2021-07-06,ROUTINE CHECK,976629123876529
725,36,Advanced Pack,2021-12-28,ROUTINE CHECK,804121556648359
726,0,Advanced Pack,2021-08-18,SYSTEM ERROR,703174742372728
727,98,Economy Pack,2021-05-20,SYSTEM ERROR,295173533811822
728,22,Advanced Pack,2021-10-09,ROUTINE CHECK,940586724973683
729,52,Advanced Pack,2021-01-12,SYSTEM ERROR,862360909535808
730,79,Advanced Pack,2021-07-03,SYSTEM ERROR,561807150142345
731,25,Advanced Pack,2021-12-26,SYSTEM ERROR,60766357104423
732,26,Advanced Pack,2021-12-07,SYSTEM ERROR,925762032262138
733,64,Economy Pack,2021-10-31,ROUTINE CHECK,843935061763949
734,80,Advanced Pack,2021-11-18,ROUTINE CHECK,916452049391641
735,51,Advanced Pack,2021-09-11,SYSTEM ERROR,765205572859320
736,81,Advanced Pack,2021-12-10,ROUTINE CHECK,872731630315008
737,16,Advanced Pack,2021-12-20,ROUTINE CHECK,924355527290725
738,30,Advanced Pack,2021-09-13,ROUTINE CHECK,73961212203057
739,23,Economy Pack,2021-10-11,SYSTEM ERROR,869296517357437
740,87,Advanced Pack,2021-10-22,ROUTINE CHECK,829618487691829
741,46,Advanced Pack,2021-09-02,ROUTINE CHECK,67159301329927
742,86,Economy Pack,2021-10-31,SYSTEM ERROR,268119926280836
743,32,Economy Pack,2021-08-28,ROUTINE CHECK,672576647106842
744,10,Advanced Pack,2021-11-13,SYSTEM ERROR,832357131205994
745,98,Economy Pack,2021-11-25,SYSTEM ERROR,687942353531855
746,77,Advanced Pack,2021-12-11,ROUTINE CHECK,108938706281148
747,25,Advanced Pack,2021-11-16,SYSTEM ERROR,53914022342156
748,49,Advanced Pack,2021-11-22,SYSTEM ERROR,303851379145376
749,35,Advanced Pack,2021-07-30,SYSTEM ERROR,743368269463956
750,82,Economy Pack,2021-10-14,ROUTINE CHECK,730021279052627
751,15,Advanced Pack,2021-12-11,SYSTEM ERROR,705384965427151
752,67,Advanced Pack,2021-10-31,ROUTINE CHECK,774412503189437
753,12,Advanced Pack,2021-11-24,ROUTINE CHECK,837853563326350
754,73,Advanced Pack,2021-09-08,ROUTINE CHECK,775478126842901
755,55,Economy Pack,2021-09-19,ROUTINE CHECK,229109077502131
756,58,Economy Pack,2021-11-19,ROUTINE CHECK,706251468758120
757,78,Economy Pack,2021-11-05,ROUTINE CHECK,802448162086521
758,16,Economy Pack,2021-07-10,SYSTEM ERROR,367556828467008
759,99,Economy Pack,2021-08-08,ROUTINE CHECK,883548382512798
760,98,Economy Pack,2021-11-26,ROUTINE CHECK,396521924757698
761,76,Economy Pack,2021-11-01,SYSTEM ERROR,355465559896347
762,80,Economy Pack,2021-08-03,SYSTEM ERROR,668487754266619
763,94,Advanced Pack,2021-12-22,SYSTEM ERROR,958257063093307
764,88,Economy Pack,2021-06-15,ROUTINE CHECK,336513888260473
765,59,Advanced Pack,2021-12-29,ROUTINE CHECK,533312802194884
766,83,Economy Pack,2021-05-25,SYSTEM ERROR,557150229428517
767,85,Economy Pack,2021-08-29,SYSTEM ERROR,583752282854238
768,2,Economy Pack,2021-09-22,ROUTINE CHECK,701049383186050
769,82,Advanced Pack,2021-11-11,ROUTINE CHECK,57677945129018
770,27,Advanced Pack,2021-11-28,SYSTEM ERROR,514298880851274
771,9,Economy Pack,2021-09-17,ROUTINE CHECK,746732135762632
772,28,Advanced Pack,2021-07-28,SYSTEM ERROR,873057333220275
773,92,Economy Pack,2021-10-27,SYSTEM ERROR,733037910913108
774,71,Advanced Pack,2021-12-16,SYSTEM ERROR,260312623025685
775,92,Economy Pack,2021-09-01,ROUTINE CHECK,50221846504933
776,83,Advanced Pack,2021-12-25,ROUTINE CHECK,207991128287596
777,57,Economy Pack,2021-09-22,ROUTINE CHECK,762587931506455
778,0,Economy Pack,2021-09-08,ROUTINE CHECK,677299789927613
779,1,Economy Pack,2021-12-27,ROUTINE CHECK,378260874383085
780,98,Advanced Pack,2021-09-03,SYSTEM ERROR,989007647190468
781,49,Economy Pack,2021-12-19,SYSTEM ERROR,741399278808319
782,81,Advanced Pack,2021-08-05,ROUTINE CHECK,810926798216544
783,13,Economy Pack,2021-10-11,ROUTINE CHECK,945397206234758
784,10,Advanced Pack,2021-08-31,SYSTEM ERROR,226329531225000
785,22,Advanced Pack,2021-11-13,SYSTEM ERROR,743980377496632
786,36,Advanced Pack,2021-12-26,ROUTINE CHECK,891935341658022
787,31,Advanced Pack,2021-10-26,ROUTINE CHECK,495105653893070
788,34,Advanced Pack,2021-11-04,ROUTINE CHECK,566354471987898
789,25,Advanced Pack,2021-05-23,SYSTEM ERROR,960574343405532
790,93,Advanced Pack,2021-04-11,SYSTEM ERROR,434791844974548
791,96,Advanced Pack,2021-09-18,ROUTINE CHECK,727390939450485
792,76,Advanced Pack,2021-11-17,ROUTINE CHECK,154323333880681
793,53,Economy Pack,2021-11-15,ROUTINE CHECK,581480423124219
794,32,Economy Pack,2021-11-27,SYSTEM ERROR,307185544014856
795,1,Advanced Pack,2021-04-11,ROUTINE CHECK,100641177332995
796,40,Economy Pack,2021-12-14,ROUTINE CHECK,233742220330572
797,46,Economy Pack,2021-09-19,ROUTINE CHECK,340554793136861
798,90,Economy Pack,2021-06-12,SYSTEM ERROR,745725506549160
799,17,Economy Pack,2021-07-15,SYSTEM ERROR,877083351625880
800,32,Economy Pack,2021-07-03,ROUTINE CHECK,378004846488812
801,71,Economy Pack,2021-10-31,ROUTINE CHECK,968030681487967
802,73,Economy Pack,2021-10-14,SYSTEM ERROR,184487589529884
803,8,Economy Pack,2021-12-28,ROUTINE CHECK,26057714052854
804,78,Advanced Pack,2021-11-18,SYSTEM ERROR,62342228795218
805,37,Economy Pack,2021-12-03,SYSTEM ERROR,130852838249437
806,91,Advanced Pack,2021-07-18,SYSTEM ERROR,326676749927923
807,29,Economy Pack,2021-04-15,SYSTEM ERROR,952303868843224
808,42,Economy Pack,2021-10-19,ROUTINE CHECK,582382554221269
809,67,Economy Pack,2021-11-14,ROUTINE CHECK,499030532019055
810,25,Advanced Pack,2021-12-27,SYSTEM ERROR,105227937919029
811,94,Economy Pack,2021-11-07,ROUTINE CHECK,184831834058034
812,94,Advanced Pack,2021-10-21,SYSTEM ERROR,153950055870509
813,69,Advanced Pack,2021-12-29,SYSTEM ERROR,652522988647014
814,69,Advanced Pack,2021-09-15,SYSTEM ERROR,510260062781337
815,80,Advanced Pack,2021-01-24,ROUTINE CHECK,819431246593979
816,84,Economy Pack,2021-09-09,ROUTINE CHECK,634815177915545
817,33,Economy Pack,2021-08-24,SYSTEM ERROR,815466176267531
818,36,Economy Pack,2021-09-27,SYSTEM ERROR,679664712574132
819,18,Economy Pack,2021-05-23,SYSTEM ERROR,994016289214374
820,51,Advanced Pack,2021-08-08,SYSTEM ERROR,985703745256042
821,9,Economy Pack,2021-12-10,SYSTEM ERROR,598317989334472
822,47,Advanced Pack,2021-08-31,ROUTINE CHECK,481516150815292
823,62,Economy Pack,2021-07-13,SYSTEM ERROR,817702390727679
824,99,Economy Pack,2021-06-20,ROUTINE CHECK,740985623428064
825,5,Economy Pack,2021-06-01,SYSTEM ERROR,766643198992668
826,56,Economy Pack,2021-08-29,ROUTINE CHECK,112021343118711
827,84,Advanced Pack,2021-07-31,ROUTINE CHECK,519765609304652
828,82,Economy Pack,2021-10-15,SYSTEM ERROR,733003126408192
829,44,Advanced Pack,2021-08-29,ROUTINE CHECK,812168545503021
830,78,Advanced Pack,2021-03-16,ROUTINE CHECK,704246845932607
831,61,Economy Pack,2021-08-14,ROUTINE CHECK,58805618599785
832,0,Economy Pack,2021-12-09,SYSTEM ERROR,616247330745730
833,38,Advanced Pack,2021-11-03,ROUTINE CHECK,965720617691421
834,79,Economy Pack,2021-10-17,SYSTEM ERROR,609000109630048
835,52,Economy Pack,2021-04-04,SYSTEM ERROR,487410538054457
836,61,Economy Pack,2021-12-08,ROUTINE CHECK,565901416356380
837,14,Advanced Pack,2021-12-13,SYSTEM ERROR,168640507133311
838,12,Economy Pack,2021-12-01,SYSTEM ERROR,325130136852136
839,95,Advanced Pack,2021-12-27,SYSTEM ERROR,431873581843346
840,64,Economy Pack,2021-07-03,SYSTEM ERROR,538919935732183
841,7,Economy Pack,2021-06-15,SYSTEM ERROR,771966203946018
842,97,Advanced Pack,2021-10-09,SYSTEM ERROR,872209379457836
843,63,Advanced Pack,2021-10-12,SYSTEM ERROR,51255235950966
844,36,Advanced Pack,2021-12-27,ROUTINE CHECK,696535539445568
845,63,Economy Pack,2021-11-18,ROUTINE CHECK,464423314606858
846,92,Economy Pack,2021-07-22,SYSTEM ERROR,297521993224531
847,58,Economy Pack,2021-08-25,SYSTEM ERROR,924439236622113
848,68,Economy Pack,2021-12-23,ROUTINE CHECK,421589136933914
849,56,Advanced Pack,2021-11-30,ROUTINE CHECK,177703933250188
850,45,Advanced Pack,2021-10-10,ROUTINE CHECK,674041809526626
851,93,Advanced Pack,2021-12-30,SYSTEM ERROR,488918734493640
852,81,Advanced Pack,2021-12-19,ROUTINE CHECK,137515614176373
853,79,Economy Pack,2021-09-21,SYSTEM ERROR,212434725965123
854,22,Economy Pack,2021-08-26,SYSTEM ERROR,917179275364880
855,22,Economy Pack,2021-12-11,SYSTEM ERROR,896890282577382
856,71,Economy Pack,2021-12-23,SYSTEM ERROR,651746564053546
857,65,Advanced Pack,2021-11-22,ROUTINE CHECK,796905593609408
858,66,Advanced Pack,2021-10-23,SYSTEM ERROR,606270891224785
859,24,Advanced Pack,2021-09-11,SYSTEM ERROR,472387142265997
860,74,Advanced Pack,2021-06-28,SYSTEM ERROR,186108221962629
861,70,Economy Pack,2021-12-16,ROUTINE CHECK,369143931277528
862,73,Advanced Pack,2021-12-13,ROUTINE CHECK,220112935531323
863,52,Economy Pack,2021-07-05,SYSTEM ERROR,131002601738772
864,75,Economy Pack,2021-11-16,SYSTEM ERROR,785632039456215
865,48,Economy Pack,2021-10-04,SYSTEM ERROR,710186036788685
866,75,Economy Pack,2021-11-08,SYSTEM ERROR,162149374518552
867,45,Advanced Pack,2021-11-21,SYSTEM ERROR,28428979146456
868,64,Advanced Pack,2021-04-13,ROUTINE CHECK,199220342054872
869,98,Advanced Pack,2021-07-27,ROUTINE CHECK,518678125648665
870,31,Economy Pack,2021-10-10,ROUTINE CHECK,37350572980601
871,74,Economy Pack,2021-07-03,ROUTINE CHECK,880864626085458
872,95,Advanced Pack,2021-06-15,ROUTINE CHECK,132712012569401
873,22,Economy Pack,2021-09-20,SYSTEM ERROR,130177130203490
874,8,Advanced Pack,2021-11-02,SYSTEM ERROR,433470798623186
875,16,Advanced Pack,2021-10-15,SYSTEM ERROR,271838295337060
876,3,Advanced Pack,2021-05-23,ROUTINE CHECK,516699243458327
877,5,Economy Pack,2021-10-31,ROUTINE CHECK,179832628062337
878,12,Advanced Pack,2021-09-22,ROUTINE CHECK,735268405625088
879,90,Economy Pack,2021-03-20,ROUTINE CHECK,761711517717181
880,34,Advanced Pack,2021-04-04,SYSTEM ERROR,395428904883959
881,73,Economy Pack,2021-10-01,ROUTINE CHECK,422287622798450
882,18,Economy Pack,2021-10-20,SYSTEM ERROR,95124878747621
883,18,Advanced Pack,2021-11-06,SYSTEM ERROR,180305523297006
884,69,Economy Pack,2021-10-30,ROUTINE CHECK,168420458973491
885,91,Economy Pack,2021-11-23,ROUTINE CHECK,740861927924654
886,4,Advanced Pack,2021-04-23,ROUTINE CHECK,862130333830834
887,66,Economy Pack,2021-11-02,SYSTEM ERROR,408903853501851
888,11,Advanced Pack,2021-12-28,ROUTINE CHECK,941098196655704
889,38,Advanced Pack,2021-12-10,ROUTINE CHECK,177826185864024
890,77,Economy Pack,2021-12-08,SYSTEM ERROR,468860988850959
891,37,Advanced Pack,2021-09-29,ROUTINE CHECK,8011409429167
892,75,Advanced Pack,2021-11-23,SYSTEM ERROR,435551909030640
893,48,Economy Pack,2021-10-18,ROUTINE CHECK,894860703985040
894,81,Economy Pack,2021-12-21,ROUTINE CHECK,58126138968887
895,10,Advanced Pack,2021-12-16,ROUTINE CHECK,309454824902261
896,74,Advanced Pack,2021-12-14,SYSTEM ERROR,486619577931358
897,33,Economy Pack,2021-07-29,SYSTEM ERROR,356598669151629
898,46,Advanced Pack,2021-09-09,SYSTEM ERROR,32432588896912
899,39,Advanced Pack,2021-10-23,ROUTINE CHECK,210663770428181
900,41,Advanced Pack,2021-06-27,ROUTINE CHECK,306368248764136
901,34,Economy Pack,2021-11-19,SYSTEM ERROR,24037438611417
902,94,Economy Pack,2021-08-05,SYSTEM ERROR,240376636831272
903,96,Advanced Pack,2021-12-13,SYSTEM ERROR,272448464864459
904,27,Economy Pack,2021-11-01,SYSTEM ERROR,444776011452480
905,49,Advanced Pack,2021-07-08,ROUTINE CHECK,174147460678294
906,52,Economy Pack,2021-07-03,ROUTINE CHECK,899891907878251
907,37,Economy Pack,2021-09-17,SYSTEM ERROR,386332423171474
908,8,Advanced Pack,2021-08-20,SYSTEM ERROR,119849160130555
909,36,Economy Pack,2021-04-30,SYSTEM ERROR,138035022448863
910,10,Advanced Pack,2021-09-22,ROUTINE CHECK,814004342825031
911,62,Advanced Pack,2021-08-27,SYSTEM ERROR,981729010934122
912,45,Economy Pack,2021-11-30,SYSTEM ERROR,389406147468522
913,61,Economy Pack,2021-08-24,ROUTINE CHECK,668728460580765
914,41,Economy Pack,2021-02-19,ROUTINE CHECK,888533923068212
915,84,Advanced Pack,2021-12-22,ROUTINE CHECK,183761497625008
916,96,Economy Pack,2021-07-24,ROUTINE CHECK,210574716815017
917,96,Economy Pack,2021-11-18,ROUTINE CHECK,878315432938355
918,90,Advanced Pack,2021-12-12,ROUTINE CHECK,25625825378363
919,11,Advanced Pack,2021-12-24,SYSTEM ERROR,222316920904469
920,64,Advanced Pack,2021-10-20,SYSTEM ERROR,431607377993507
921,57,Economy Pack,2021-12-30,ROUTINE CHECK,145822801146928
922,66,Economy Pack,2021-12-04,SYSTEM ERROR,212111748746642
923,64,Advanced Pack,2021-07-13,SYSTEM ERROR,78637442269737
924,87,Advanced Pack,2021-12-28,ROUTINE CHECK,948610120113478
925,80,Advanced Pack,2021-10-12,SYSTEM ERROR,434907490728381
926,19,Economy Pack,2021-03-17,SYSTEM ERROR,432315879903173
927,33,Advanced Pack,2021-09-26,ROUTINE CHECK,294314956990330
928,62,Advanced Pack,2021-07-11,ROUTINE CHECK,966394343699205
929,93,Economy Pack,2021-12-14,ROUTINE CHECK,335876981160980
930,8,Advanced Pack,2021-05-30,ROUTINE CHECK,995920608344837
931,64,Advanced Pack,2021-07-08,SYSTEM ERROR,324273802474791
932,70,Economy Pack,2021-09-08,ROUTINE CHECK,650331317833963
933,44,Economy Pack,2021-12-25,ROUTINE CHECK,69621930280830
934,69,Advanced Pack,2021-12-21,ROUTINE CHECK,928791709928344
935,20,Advanced Pack,2021-12-12,ROUTINE CHECK,100760940519350
936,89,Economy Pack,2021-12-07,ROUTINE CHECK,231542108156554
937,78,Advanced Pack,2021-12-08,SYSTEM ERROR,493376431461320
938,14,Advanced Pack,2021-10-19,SYSTEM ERROR,192058977911658
939,82,Economy Pack,2021-12-21,ROUTINE CHECK,287000658358938
940,67,Advanced Pack,2021-12-06,SYSTEM ERROR,647697668578205
941,42,Economy Pack,2021-03-09,SYSTEM ERROR,454881124389133
942,34,Economy Pack,2021-12-03,ROUTINE CHECK,879192994301477
943,76,Economy Pack,2021-11-14,SYSTEM ERROR,223277106558807
944,92,Advanced Pack,2021-12-22,ROUTINE CHECK,647550704578106
945,28,Economy Pack,2021-07-12,ROUTINE CHECK,754563403197822
946,76,Advanced Pack,2021-11-08,SYSTEM ERROR,416920266876898
947,58,Advanced Pack,2021-12-29,SYSTEM ERROR,438629801338296
948,9,Advanced Pack,2021-08-22,ROUTINE CHECK,976773907124550
949,87,Advanced Pack,2021-06-11,ROUTINE CHECK,581433930098236
950,22,Economy Pack,2021-11-15,ROUTINE CHECK,254617132557052
951,45,Economy Pack,2021-12-18,ROUTINE CHECK,702215275136636
952,47,Economy Pack,2021-12-21,ROUTINE CHECK,161173318603657
953,66,Advanced Pack,2021-11-20,ROUTINE CHECK,624171497230355
954,35,Economy Pack,2021-09-23,ROUTINE CHECK,323719315181905
955,9,Advanced Pack,2021-05-30,SYSTEM ERROR,361294801822603
956,84,Advanced Pack,2021-09-19,SYSTEM ERROR,762389876523475
957,6,Advanced Pack,2021-12-13,SYSTEM ERROR,683320253829063
958,47,Advanced Pack,2021-12-12,ROUTINE CHECK,737586867308454
959,4,Economy Pack,2021-07-11,SYSTEM ERROR,833485942236636
960,99,Advanced Pack,2021-12-02,SYSTEM ERROR,333699735462527
961,55,Economy Pack,2021-08-21,ROUTINE CHECK,188226307933301
962,26,Economy Pack,2021-09-03,SYSTEM ERROR,647466161281475
963,74,Economy Pack,2021-12-02,ROUTINE CHECK,664257587081143
964,44,Economy Pack,2021-12-14,SYSTEM ERROR,334213337615201
965,43,Economy Pack,2021-12-27,SYSTEM ERROR,358180808571656
966,83,Economy Pack,2021-11-21,ROUTINE CHECK,540695307550207
967,42,Advanced Pack,2021-10-19,SYSTEM ERROR,3220301376336
968,58,Advanced Pack,2021-11-24,SYSTEM ERROR,692160287097313
969,26,Advanced Pack,2021-12-05,ROUTINE CHECK,899225891571312
970,75,Economy Pack,2021-12-14,SYSTEM ERROR,555389340344825
971,93,Economy Pack,2021-04-28,ROUTINE CHECK,409373972419460
972,82,Advanced Pack,2021-12-12,ROUTINE CHECK,893809179008585
973,79,Advanced Pack,2021-11-05,ROUTINE CHECK,858034392527252
974,11,Economy Pack,2021-09-29,SYSTEM ERROR,882544138005124
975,40,Economy Pack,2021-12-13,ROUTINE CHECK,199085980540466
976,3,Advanced Pack,2021-11-29,SYSTEM ERROR,47171849219183
977,98,Advanced Pack,2021-09-05,SYSTEM ERROR,725291257435752
978,73,Advanced Pack,2021-12-29,ROUTINE CHECK,497577775430871
979,57,Advanced Pack,2021-12-10,ROUTINE CHECK,980514861631771
980,48,Economy Pack,2021-04-23,ROUTINE CHECK,482478181448065
981,19,Economy Pack,2021-12-27,ROUTINE CHECK,483669371299570
982,59,Advanced Pack,2021-06-13,ROUTINE CHECK,31942644540311
983,47,Advanced Pack,2021-09-13,SYSTEM ERROR,260124587093722
984,90,Advanced Pack,2021-12-15,SYSTEM ERROR,19981659428695
985,29,Advanced Pack,2021-12-26,SYSTEM ERROR,968533515496780
986,66,Advanced Pack,2021-07-06,ROUTINE CHECK,372626844909046
987,49,Advanced Pack,2021-12-25,SYSTEM ERROR,900788796142323
988,16,Economy Pack,2021-07-19,SYSTEM ERROR,165802456120751
989,25,Economy Pack,2021-10-23,ROUTINE CHECK,731277637172255
990,0,Advanced Pack,2021-08-04,SYSTEM ERROR,983474475447282
991,76,Advanced Pack,2021-11-18,SYSTEM ERROR,730782755824782
992,65,Advanced Pack,2021-06-08,ROUTINE CHECK,345297064242020
993,84,Economy Pack,2021-05-21,SYSTEM ERROR,623966213121550
994,43,Advanced Pack,2021-10-09,SYSTEM ERROR,195154748755361
995,50,Advanced Pack,2021-12-26,SYSTEM ERROR,628431595680078
996,54,Economy Pack,2021-11-09,SYSTEM ERROR,631936856031047
997,51,Economy Pack,2021-10-07,SYSTEM ERROR,660077153430201
998,60,Economy Pack,2021-12-17,ROUTINE CHECK,847042118661588
999,21,Advanced Pack,2021-12-28,SYSTEM ERROR,915085840259662
